{
  "slo_name": "slo-pubsub-ack",
  "slo_target": "0.9",
  "slo_description": "Acked Pub/Sub messages over total number of Pub/Sub messages",
  "service_name": "test",
  "feature_name": "test",
  "exporters": [
    {
      "class": "PubSub",
      "project_id": "rnm-shared-slo-bdf2",
      "topic_name": "slo-export-topic"
    }
  ],
  "backend": {
      "class": "Stackdriver",
      "project_id": "rnm-shared-monitoring",
      "method": "good_bad_ratio",
      "measurement": {"filter_bad":"project=\"rnm-shared-slo-bdf2\" AND metric.type=\"pubsub.googleapis.com/subscription/ack_message_count\"","filter_good":"project=\"rnm-shared-slo-bdf2\" AND metric.type=\"pubsub.googleapis.com/subscription/ack_message_count\""}
  }
}
